lower,upper,count,average_confidence,accuracy,gap
0.0,0.1,0,0.0,0.0,0.0
0.1,0.2,0,0.0,0.0,0.0
0.2,0.3,0,0.0,0.0,0.0
0.3,0.4,0,0.0,0.0,0.0
0.4,0.5,0,0.0,0.0,0.0
0.5,0.6,1,0.57711528,0.0,0.57711528
0.6,0.7,0,0.0,0.0,0.0
0.7,0.8,3,0.7258442,0.0,0.7258442
0.8,0.9,2,0.81777911,1.0,0.18222089
0.9,1.0,354,0.99782365,0.97175141,0.02607224
