lower,upper,count,average_confidence,accuracy,gap
0.0,0.1,0,0.0,0.0,0.0
0.1,0.2,0,0.0,0.0,0.0
0.2,0.3,0,0.0,0.0,0.0
0.3,0.4,2,0.38654912,0.0,0.38654912
0.4,0.5,3,0.44582714,0.0,0.44582714
0.5,0.6,3,0.50814246,0.0,0.50814246
0.6,0.7,7,0.645017,0.14285714,0.50215985
0.7,0.8,6,0.75084011,0.16666667,0.58417344
0.8,0.9,9,0.84997737,0.0,0.84997737
0.9,1.0,250,0.99620821,0.588,0.40820821
